Left Elbow,Right Elbow,Left Knee,Right Knee
57.07269917,52.32559828,83.50883115,78.38456816
54.75552309,60.8608599,51.38585603,72.9864275
63.61796003,65.84190147,40.44016005,56.46364853
64.40259183,58.91940995,32.36736879,46.52999041
61.74395805,52.5012029,40.41305986,88.45392341
66.24809172,51.81897631,49.93848086,94.70017467
18.22604646,13.09784166,53.80518699,79.35985467
96.15215956,82.70413207,54.25714937,61.86085303
112.1408545,110.6720628,82.73209645,64.74425957
110.7814204,115.2397999,75.75525509,63.86563828
106.0397371,107.8961618,63.49761689,56.42633453
103.1932186,103.9555634,45.23848934,51.15743547
58.71947258,60.72951302,41.95617446,45.21495775
36.79713542,62.7678917,53.32560519,59.83121128
16.38283086,60.81587925,57.59413825,50.93928189
11.61890216,51.5398596,60.13033775,66.02595715
7.340108249,60.42393308,69.49065455,53.05665781
6.095695131,52.67199743,68.42726411,58.19864849
8.071348816,64.90232433,58.25673983,59.88129009
41.33582984,80.28930902,88.91571991,68.38302136
44.80460287,37.54589208,82.8748764,63.93970527
57.09827295,10.25132988,77.45144917,56.51450069
118.8970906,69.52823486,70.40066178,59.85054782
97.62028681,61.45490175,53.99148583,50.98773547
51.99147276,81.28411036,60.13360639,38.13986564
32.91785511,62.54920148,78.45788452,64.8241472
30.1581419,29.33230264,83.05014036,68.39555789
44.4197418,9.133477543,69.15563968,77.06944721
42.63230606,5.568342212,64.27517676,66.31779131
31.47961045,5.624879745,55.90983487,76.5198314
17.53598588,3.640667969,82.78085865,78.54697133
13.40957555,6.991058933,87.55689441,79.21762886
36.95305083,125.7227261,75.65301238,77.61106007
56.56123978,129.2277447,81.23403066,75.7038549
10.91405466,16.19157376,81.75260459,74.53511556
19.0995366,17.701136,83.76438671,78.01823151
30.00868565,14.22440334,85.51137143,77.45241766
23.5544027,13.0839685,82.47739774,75.22782113
7.399240029,8.356502184,81.29064247,58.29774681
10.21609131,9.491101679,83.40999685,71.15218823
10.03684179,8.579928704,71.98555472,68.87672847
21.45416232,18.74362063,72.98318669,60.64290436
30.47825052,40.45366359,80.99679184,46.58880151
50.99259393,38.74075261,82.89071457,56.00348581
110.5203916,104.5800925,95.33877732,75.24764954
102.6057627,108.849891,96.15741115,75.60901633
114.4411138,109.5788617,95.86976104,77.32745934
83.19872865,89.06993604,73.06628597,68.70475047
75.52165092,85.53556148,69.93533981,54.55949161
109.0793491,84.83462182,76.70922101,52.06320958
97.19559755,95.59600393,75.86227745,54.31210871
100.759776,114.8858733,72.64904867,50.16601918
107.8587876,121.1640926,68.52643922,51.6841531
88.55479802,103.1930238,66.92860099,53.04841788
98.62356458,91.61251124,65.75651248,54.38139059
97.88138419,88.36677044,66.88748338,55.78306508
76.26555032,98.45700651,71.27219607,51.04734606
76.23328187,91.43008162,78.34046638,52.51999981
81.99770895,99.82876925,84.03076036,74.3207898
79.43347628,101.1796728,84.51121004,70.34617024
49.24505618,62.73360735,83.03026885,72.12288254
36.09905519,26.00081079,69.10320165,73.76171545
12.30739398,18.39836751,62.13428144,61.98900808
21.49918259,16.07015377,60.48347199,68.95513853
32.05971533,19.68443527,63.46916034,56.3600159
22.44604456,13.93871865,64.06792222,50.55074861
14.72060215,21.30919302,64.84355306,50.45131574
31.7666383,31.91367896,62.67001421,52.59204469
23.44130713,36.15752925,65.40887724,60.19895085
43.73029546,34.3383828,95.41968981,137.4628795
56.9607138,52.45402201,107.6946555,156.4653388
59.14418014,120.9940028,105.3712882,164.7315934
78.78301313,96.28601197,95.49272737,148.0675268
97.09077637,87.22265054,80.19811349,153.7430243
95.08367009,33.64779376,90.5450448,168.645917
21.66176682,20.89708862,122.0336838,164.3861509
17.19984541,23.26158557,120.6983301,109.8869524
28.31816999,22.52490044,95.59501292,80.63339965
12.96242626,27.12609973,83.54056076,56.83205195
14.42927147,33.59699939,80.65568391,78.0590907
19.41419955,56.17730807,76.46469382,67.84073197
23.26082143,72.07365806,67.11265305,57.66884901
19.29959755,82.90376209,71.54234101,57.05244124
39.5040724,54.99551733,102.4795934,50.37089105
31.50576816,59.12220819,141.0587197,73.31385343
85.59272137,39.31559746,145.9561852,94.92224456
114.6665359,29.79516072,156.3559632,106.6719802
121.4313074,55.97050313,157.8128412,104.8444516
102.1456042,65.32313515,157.8977791,104.5144839
19.78652502,40.56309004,153.1239874,109.9716137
21.35793799,31.58289027,149.1586413,110.7046379
20.40243853,26.82462177,124.4516666,96.81994796
27.27084185,36.09373325,82.67394247,80.33412029
61.06703954,26.19967047,62.90048549,56.80880398
84.79893673,19.36799524,51.39967522,58.24173288
89.48061081,14.07664604,49.42134128,55.82130384
93.97629929,21.24558289,46.3384933,49.43001881
79.1011149,31.92823568,47.41961907,62.28808146
62.21064863,35.36109846,71.7736825,139.3240225
77.32731446,38.42689676,107.6122526,152.1713817
79.59853724,36.05789766,109.4165117,156.3148587
85.98434916,28.09779389,107.7776116,156.2566078
86.98824154,26.74291249,124.7120555,156.3775923
83.55397385,27.12462526,105.7993695,155.5576885
79.16277387,20.34186519,68.75539024,149.9811489
84.47635805,22.27346519,37.15382327,112.7842567
104.9598713,15.7438067,43.51009473,97.49588151
91.67722628,18.13830096,46.94880978,54.93308456
85.09403872,18.42650597,40.17514887,57.04277463
83.12015765,19.43323186,49.04287868,54.4418537
65.38078784,19.90628153,39.38519742,49.6418027
67.90454857,20.80943897,35.16148603,50.77781436
68.32732179,32.06820674,33.743843,72.60145807
58.36643421,35.53093642,106.7344282,144.9354075
58.01339353,41.33360563,121.4220634,155.1669361
81.59693889,92.16940055,109.9926362,158.5210669
97.76451099,123.3391675,98.89955173,161.9098729
99.38246786,122.379079,99.07731363,163.5164039
130.3482043,119.0854439,96.42033063,160.2304662
67.41158361,80.72662793,125.9858559,158.4756366
58.20141419,40.06163717,113.1386375,134.9985601
62.19509197,34.39423608,71.25463026,83.40552957
55.43599477,20.58540476,56.45212297,76.80181768
29.46572208,21.23696905,55.51942555,77.72423294
27.52934538,36.25791791,81.91368526,75.25357025
35.13713047,38.92040235,74.6897598,70.81775272
34.35063045,56.05318226,72.78909337,68.5051641
44.3947653,63.54527143,108.8087445,66.93234053
33.76211801,62.16219887,143.5411855,78.20865165
41.30249225,60.37801452,154.2976011,125.1812057
45.09199778,32.07426525,159.1359563,127.5787335
122.385721,50.45364019,160.6742455,112.3698013
122.7959211,84.66168383,160.6618642,109.4689109
111.0640435,56.88399051,156.6520895,114.224648
56.22142189,34.89794191,152.6839606,107.7540708
46.93678445,24.65876501,135.8971294,106.8368328
45.90878328,17.65695463,93.90212406,89.58616216
49.44963456,15.98335742,79.51835347,77.13318904
68.52217489,12.7501597,76.64692776,70.09974669
73.01667724,21.13698176,80.96323001,60.71301184
52.80071126,24.70933007,75.13450687,52.09261457
64.05190733,19.5341323,64.07162987,39.2215919
66.28624215,21.52111456,72.80901442,46.36752991
54.98322543,87.11955553,127.8722892,143.7777765
51.65063823,132.6016374,135.3432759,152.1506152
59.00013888,141.306211,130.9195081,160.6507244
130.7912848,120.6271005,106.435317,162.2270237
98.89325219,45.50975839,97.88634393,162.4180561
57.8765867,61.74483028,95.49030226,161.6096091
56.75627615,45.39803927,87.25487678,135.4607629
82.13461976,66.47192385,81.36911192,110.4491413
90.51660802,87.96481047,46.49138889,64.72532723
73.92287361,98.29730198,49.45371862,63.97058711
30.86546004,97.5003179,64.727846,60.98201933
39.49173107,85.243646,68.52058782,63.12977709
42.21692846,88.32746386,68.69450343,63.01227597
42.47209951,87.52119628,86.08642501,52.84483274
36.00963708,72.13009915,122.1230037,58.8573933
26.60132173,45.4304623,131.8067227,66.94153408
34.5992207,62.85315887,134.3737819,73.21084876
42.75225874,63.79316477,135.7076049,79.79994175
36.18253794,52.2575873,131.3860396,65.85538932
16.45092772,56.8818844,110.3674962,51.09195914
23.64050098,52.09147398,90.30336363,42.79810399
35.97739256,54.82407408,84.03797397,43.38481797
92.40660913,58.26372717,66.63044406,43.06448011
55.95285746,58.1230022,56.84411457,41.96301818
33.96214373,51.08098753,41.75589717,43.86439997
29.71810786,57.00855167,42.74896645,44.69341091
32.04243492,63.3040348,56.83467638,52.98454527
29.52460343,74.35563914,59.81004694,52.79293086
24.73267144,63.74573658,115.8457784,53.50088435
24.69583651,58.46913146,117.2796685,56.33041407
52.75584392,44.61817156,132.2609236,73.92026987
33.65640921,50.58224238,138.5299426,77.99844546
38.69484322,59.5538847,141.9605474,92.40843159
45.40228227,71.63191173,131.1018919,98.26220889
33.90852775,71.93285823,137.3096558,101.0631076
34.74573562,51.05558343,67.23349937,63.77507345
34.71409093,116.2353229,70.63876956,49.4590134
28.51915918,76.9223859,80.62406406,59.83967235
30.73105545,84.5857037,80.42944883,69.13015928
19.02430548,95.38226474,83.99931243,65.51358299
19.60477925,69.38625049,76.05064425,54.53756702
34.18768107,68.83180917,62.03145698,49.48983546
9.926736599,61.7838348,84.08645716,101.5072369
36.47844756,45.38960656,87.52645942,94.06926387
25.31257318,53.80855583,92.84597572,70.09351306
28.92765618,63.49431272,77.70230093,65.26195739
66.19605,95.21976731,73.15115122,56.02850126
48.0365069,80.14879743,69.83958427,46.8213399
47.21380429,111.5222868,70.35092962,56.80481892
38.96479717,98.97488159,76.08469466,59.64847136
40.87972496,99.2330051,80.59016839,53.55143513
109.9356121,26.65358262,85.69906196,69.75503856
80.84657708,22.14158057,80.49142293,82.43495069
106.9965964,11.44916889,75.14513455,67.64790839
102.8203071,81.70882633,79.95851949,66.71797765
113.8242496,131.3029449,83.61089827,81.78854625
75.57112551,107.4589855,63.01092287,83.89122242
84.88190555,122.3564314,57.66175465,79.72111615
61.67269044,107.8346187,80.64580461,82.70279245
39.30602259,91.69323492,82.59270968,81.24982313
32.21180232,26.82882816,80.42995224,78.68016611
59.65438601,24.87895418,83.00876888,86.71785894
101.1159495,23.60914526,86.22712532,86.34243512
110.5414959,44.35331526,46.63900282,71.18321042
133.4301314,47.72585872,20.17011123,71.72166794
124.0078075,98.63880899,25.74918396,64.78539517
119.3246277,72.11276364,35.22342605,59.92974421
108.2151235,107.6647962,62.48947225,67.97346007
104.1043146,118.1553809,60.19923038,68.60996565
94.08126402,100.429003,60.2549344,63.53192127
68.70397679,115.5824224,54.11453469,71.44841028
58.65069147,106.2650143,70.39158385,72.8078266
24.2276072,92.02950236,81.55697119,83.64914665
22.72152077,113.3818167,98.14505273,87.04569645
20.48073593,103.2752171,97.78875801,86.34367755
31.42026749,86.82063512,85.90947087,76.22400093
50.40091754,81.23999267,84.5256804,63.44426084
66.54553668,114.7383072,78.74754654,67.4437652
70.21751299,120.0299068,63.39002543,60.51965687
93.28682252,146.5195351,63.97534575,41.65913687
74.62206794,118.603825,70.78272616,58.60903779
103.2735621,123.0301383,64.51699892,56.89563917
68.68564301,127.1960725,59.74291138,58.82502374
60.62728418,132.4316708,59.93441246,63.90169674
66.62525448,128.9527967,59.35027802,57.16223757
37.03438743,113.3358638,64.5936758,66.9414218
19.53290165,90.42554867,70.97083924,74.52744349
10.1064254,20.53604611,70.6991078,69.39445628
18.31164654,26.1579804,66.02398411,66.27496076
23.48731161,34.44339857,73.12133922,70.50045155
25.40449515,37.29722913,70.81716822,75.97344356
116.4958596,64.62069287,77.74799606,85.70582952
124.6545079,70.91130154,82.12117139,81.83582886
52.06589659,87.8349222,85.28524214,39.88883389
37.63131878,96.98246231,89.10877686,35.54826904
27.011735,46.69284989,55.04353931,41.93706879
10.78118327,29.37772758,34.93439098,38.67182048
56.62126594,21.11940877,47.80492249,51.31258785
54.32448026,22.03387574,30.29478228,68.99726294
38.38291164,14.50540494,11.18632789,61.85999292
47.39164009,25.29949501,64.9623499,80.48055777
53.79334979,147.3534032,68.7972589,87.36396396
51.90826817,137.8711145,64.25383729,76.0183836
54.77500078,119.9698208,82.45998454,72.36559534
56.4428691,136.2089615,77.70314575,69.39670326
67.50412752,129.4542686,80.79132967,78.21063853
26.89452619,76.93221534,83.97904795,79.4014565
71.14700174,17.28742732,81.08948985,79.85192389
94.87921094,29.09870513,88.4884191,86.11931822
103.6828458,38.45401946,56.54672776,71.28312971
108.2571043,57.9504927,49.52495202,54.37529832
109.2457457,107.2176152,49.68029466,60.97301869
106.1754417,128.5066464,67.74413288,68.81209141
13.63658076,96.51596343,59.15876506,58.70468316
53.63076611,100.9918309,81.72120431,66.05769405
18.01519359,109.2220026,91.59821859,75.87298207
23.79535349,74.53355857,85.15178318,84.6824316
31.69252129,92.87340481,94.98676804,84.71321223
28.85664239,102.7664585,88.82491799,76.12328089
45.12848994,104.3623716,82.35688761,74.87219789
21.23562786,36.71563002,78.68119934,73.05017548
20.87207571,103.195142,84.78406989,74.77544197
33.44412743,101.3146131,89.87667684,74.73077504
35.53464151,96.42687829,64.93597302,61.90375682
33.52288714,8.917761371,73.54340782,57.53252611
28.15120305,115.5135574,77.92170667,53.05487999
23.94075295,121.51383,83.08301661,66.07535473
46.34222072,112.042511,94.25540648,112.7735416
97.65063517,98.80793977,106.2603976,133.9802408
96.68611956,76.51635767,96.71206879,138.5011473
106.6228179,41.56882015,96.15629707,149.0830705
117.9182359,25.65000196,91.30703254,54.717742
124.6808952,22.98063168,96.09824697,120.641647
115.1100587,18.73871986,98.99673496,101.2300851
117.5702571,16.34573407,106.6362305,123.9462095
47.12835314,17.83129667,84.1249906,126.3083188
47.62810087,14.65788455,80.61203123,132.3300608
25.3081938,17.17769341,55.06293537,146.4393233
94.53796056,21.82663508,26.30507013,4.934309216
101.071219,15.47093929,64.35064076,49.81093875
100.2160935,11.73679711,79.50384648,81.255308
38.6902734,10.64843348,80.82755746,92.15954354
52.54660699,11.19889472,79.05711928,96.71369747
66.63518788,16.0195536,56.7225426,94.17155396
91.50189046,16.16022279,67.81274661,86.64826112
54.02262419,12.45786787,77.98886252,53.73610213
21.00296461,12.36265728,46.56506166,150.1098533
106.4040988,21.76118073,107.2135488,68.09706304
122.3198568,20.58754534,117.4832688,77.82183025
83.36480798,17.93250231,116.2180446,76.36826586
108.1968304,33.68574411,101.7569935,87.18407897
67.29466986,35.2412592,101.0284567,88.87719054
130.0877559,116.7410715,99.43712166,94.84964794
69.49541611,124.2304127,91.14790887,54.14086065
73.42222317,122.6625001,34.62671792,41.15038922
86.6470396,113.881575,34.19402381,29.41023264
78.35106752,117.3385564,31.92875904,39.80762102
79.4333479,90.04654597,62.51518373,55.90543392
26.1024224,91.07003884,69.78709923,70.25924765
50.79055298,80.00684474,81.26861279,113.4922855
49.68194289,31.26894244,85.10241431,101.4088815
18.2326603,19.91105409,84.47213415,106.3423514
24.47128386,17.23635021,77.61055695,63.30030768
29.59107842,25.09457079,82.64113177,75.41083454
36.48138436,31.71031267,81.96249462,68.20763584
24.30185397,25.56317287,71.58322332,34.7177537
25.05424257,46.6563589,87.25522014,96.8382575
47.69881693,36.82460608,103.6393055,131.3538507
35.33617034,32.9271352,124.1691789,154.897913
39.10991649,122.1715007,118.7196831,162.47153
98.2192471,127.7942052,113.2842949,165.4148757
89.46922191,104.3463741,103.6258734,170.7782726
78.22114664,38.6991435,123.2764053,167.0929205
33.55519669,28.37962393,122.5502002,153.3388343
21.64662616,20.06667147,138.0348337,149.2695815
22.23927978,16.86046705,96.80779991,101.7173901
9.283896193,22.87557951,76.03220265,65.20071963
14.51727287,23.56965771,78.09250797,74.7477722
21.79085218,24.06851538,70.26518436,57.18871578
18.94843702,28.5220142,55.76360362,52.17897652
13.47174273,31.82956335,73.75823446,58.21408052
33.66499561,62.62637481,131.048197,68.2525379
61.10721484,72.44591817,145.767281,63.45621363
119.912996,45.65392751,151.2229398,84.1867173
116.9784691,51.31904621,156.6717443,97.82234006
118.6578001,71.90087779,160.1315639,105.9992916
32.34923602,79.25992412,159.7792142,113.378806
19.80067132,31.57314894,157.5493987,116.6891385
23.11389055,40.84157243,153.307732,107.0107917
25.94786432,45.21987917,127.747678,101.6602715
32.93818302,31.91178683,82.12331628,76.59853972
105.7742519,21.81423595,54.90236039,68.69776963
78.27045943,16.19637531,56.52660514,71.53022697
66.63982577,13.90998066,58.84935091,64.74287934
60.60088768,16.0664122,45.55534924,37.73221023
63.97249135,29.91540741,52.74069801,74.51228045
62.13257444,40.35842922,46.2808629,128.7249782
60.57217677,38.04017419,102.4265736,148.1175983
65.09028418,43.48239356,118.1663581,152.5371553
70.20132674,51.99207284,123.5564738,152.0524255
78.85755693,34.15469232,120.7840198,152.597889
79.62745985,29.73873293,118.8353447,151.9053965
70.15622135,23.24873818,100.236812,143.2246922
76.9007785,20.38154929,57.24137268,123.6660712
79.06405372,17.37043768,52.71790082,91.93523388
85.44976353,21.1726359,59.6808501,86.31593253
84.62531037,25.13349955,61.11813319,70.59774486
89.4286741,53.6680993,60.73369076,77.67078771
91.38600987,129.5884623,53.41111635,67.43346798
82.88534178,36.89120996,74.38055904,118.0402185
62.6951668,33.19074162,106.113275,133.4200774
54.9569094,34.04766193,121.8618465,151.7807518
59.36869102,76.15351754,112.4234779,157.4563803
91.42417317,127.1749545,107.6991273,159.4566126
86.11878039,116.5150852,117.4673684,159.6326858
108.9652963,115.0261745,111.4284251,156.348727
95.8077919,104.2982035,111.3546007,152.4140693
20.58704239,22.92986597,108.3331339,139.0783099
16.0117628,23.28109845,94.06502667,118.5083765
27.50628708,23.06985173,81.50420522,86.93494361
15.45940431,53.37667142,85.78483859,86.93235335
11.15054477,95.31589204,87.87845132,68.37016004
32.78250976,102.3010798,85.08505807,70.41227265
26.70517106,73.16847857,75.40438286,64.28142699
20.05800388,53.73608381,98.5943947,77.24240352
46.356129,51.99194095,140.0299827,73.61253347
40.30126773,76.1604169,151.3799914,83.12899051
89.31843672,58.04777877,154.5324084,91.46962739
119.8291138,58.82125651,155.2332369,98.12934558
124.4986219,86.03488888,152.1772391,104.9584502
92.86441579,64.84930321,153.6809471,104.277991
32.86968638,57.92890849,150.0802705,105.9597966
30.51375819,27.84248977,133.6936333,101.9974125
44.70183545,16.03815862,88.17555617,90.58482839
39.86670486,12.68628501,82.4887997,62.86924086
62.20265003,15.42757554,48.55293985,44.0171402
52.63403331,18.71206004,51.30247314,41.66788724
64.17587166,21.06273318,63.78697719,36.50518
89.98818048,23.14897619,72.84752737,41.46992734
62.80607148,35.16227991,86.98886744,104.510556
62.55380071,81.94161412,125.310365,139.1186414
52.3365225,92.71595195,120.3132718,147.0159623
67.46195648,110.7135475,110.4975032,157.0334212
107.5922872,114.729682,105.6046241,160.5006842
94.45660302,109.3111539,96.55633803,161.6169433
87.577814,101.83266,105.1766627,154.7659133
75.22135786,56.84960294,92.80363396,135.1475649
96.37644179,92.91888002,71.41358061,106.3387456
86.35164018,79.18518108,58.06045813,64.32049331
48.75972063,111.8363147,73.99579631,67.19682829
31.6204891,67.77966618,62.47475832,58.91844432
36.45137662,81.8956062,64.76166175,57.78016822
43.5457645,61.42385735,76.97631668,61.40080507
40.26813618,80.8275017,91.29004871,44.40016129
31.82668054,60.80719247,121.5656892,58.02822705
25.7872938,52.5576413,127.8189473,57.1307856
31.76579612,44.56110662,141.8574882,71.38139783
57.65054353,41.40601163,138.6718466,83.31476563
56.10648377,41.77627532,129.8675676,83.44110736
25.84274068,42.17537364,128.1815074,80.45003979
22.58874206,38.08909831,121.6307722,35.85467513
31.62602386,40.76518874,109.0793573,28.50249888
51.18313854,51.61146406,86.13869356,32.77293845
45.69153503,52.47653245,56.75257876,33.89356615
42.75041722,36.74088721,49.7165316,35.55274451
37.75061301,39.65723712,54.67623191,35.60792756
34.61789602,64.30046517,71.60162098,37.42658802
35.25534943,66.92748765,78.22613649,38.79453646
27.41567698,59.8815598,79.68127076,65.98199153
32.37827641,57.50084775,85.38078896,65.672145
63.8562094,51.2576908,113.7273863,59.41981706
71.50667436,48.65589724,121.6817126,48.85551304
50.42331648,85.86985423,116.6093464,46.61006165
69.58333814,106.9542912,104.3120512,53.2662596
85.67961419,94.58574187,94.37246399,63.38405859
84.25416762,111.8529077,87.03077376,75.23248168
79.98842855,128.9733859,85.14669086,96.58409282
64.37296353,114.0559875,67.47619496,75.80077559
66.24153289,110.0438957,64.30725938,93.4399004
84.74174368,103.6266213,51.01057152,81.95265304
84.5171139,104.0171165,48.34858335,69.36460218
94.19574824,108.3114041,37.07089205,61.85021059
98.64582531,105.6260939,34.0827793,53.1722081
91.48382985,106.6310153,39.70492089,29.897467
94.1223006,108.0355602,44.37502415,38.35772898
92.07414545,106.1855388,48.05345946,39.63727708
100.8808027,104.5588958,54.57997751,48.9686603
98.73173573,101.8716377,65.15843566,73.87585479
104.2036722,104.9727296,63.53057732,87.37623653
110.3629672,103.8018016,74.75223408,115.0998278
113.4174839,106.3677064,75.50059303,119.3375075
107.4163584,110.1899106,72.63470034,118.0017993
112.2975631,111.4308046,71.48284509,123.657372
107.8656555,113.135643,67.68303443,115.5113915
114.3029899,110.9585349,64.75776552,109.7862517
113.1081287,112.3230622,58.96205372,91.53551927
112.6421564,113.6838497,52.5179501,87.30788629
110.9814237,108.2549057,51.44207066,56.52002427
108.1977021,105.0657035,51.04717202,61.98614153
107.0054448,106.9641658,53.15110615,51.75287299
108.3561856,106.529428,66.15520886,58.13473918
109.7767487,106.8544009,78.61074485,44.69581375
112.7861476,114.4756893,89.19082102,35.96212731
113.3351462,115.371797,91.76609445,43.22724545
112.0720961,115.6007545,91.06872754,58.68892948
110.4507252,115.1997147,88.277644,54.82602508
109.6021346,114.761436,86.99359689,51.71305743
109.7218856,113.8408152,80.66677868,56.10568183
108.6226354,111.730805,81.0726205,44.15697451
100.1209918,113.4217922,78.91860815,39.16762445
105.7109633,115.1448574,80.51061367,39.28557892
51.66299996,109.6280603,79.63950707,36.87161455
32.4464156,37.07659308,79.34813531,36.78436112
36.31312348,86.55072464,80.79583722,58.99660192
35.26583639,33.40260427,74.23158243,60.97461753
14.43067697,79.11169208,73.76208119,55.66440988
25.67177478,119.7483713,84.00508323,96.33643905
22.01358057,97.58359881,86.54622938,94.17144066
85.41641716,113.4921099,86.98607525,112.2503334
117.275882,102.6625021,91.57712496,124.9465518
14.79305492,87.88329887,91.07484022,130.7655743
11.25386297,83.53586774,71.30338692,120.9346708
24.74310516,94.1456155,65.28858079,129.8285772
60.17065219,102.1106904,56.33679851,104.5459325
37.38555746,107.64718,62.20203606,104.2314688
148.3438509,81.96145844,57.96092163,55.40990294
149.0375748,76.47163822,53.97668099,72.38664715
144.083431,56.71108203,54.19851459,63.35571737
113.6304752,78.33793127,60.02914212,61.67759419
104.577014,12.7991829,62.90404539,43.0083833
10.77525374,12.2185636,75.56346928,58.80381642
1.287743785,10.18041678,89.80250798,57.13565011
2.225262919,12.73922126,102.3916201,64.14464837
4.474632895,20.69253149,100.6484283,65.34055574
22.11582636,18.34862505,98.1855685,62.0842218
102.3968883,118.1826318,95.18942404,46.11522229
48.95286486,67.63586022,92.40656637,55.16545646
60.83232119,105.9961743,92.71168995,57.65030942
94.42410078,48.75364449,90.90967177,64.40420484
46.15308167,38.39549884,89.75641947,82.36307704
43.19135449,29.11797431,91.9436273,99.68827489
59.2070637,34.06666807,92.61756021,92.8308457
63.4604432,36.37077799,91.08638135,87.31788358
93.80212588,34.12932442,82.34066597,82.33293839
86.85717832,56.74811619,84.17022918,92.44596047
50.53195606,28.13957202,113.4898388,125.1577935
73.49509548,55.44050456,109.9495638,138.5218031
8.015953404,85.68349123,128.4869119,147.4780321
8.197151264,89.07198383,128.0576461,145.2763732
16.57992145,101.9896641,126.460362,149.2427613
13.8831427,76.39329886,112.2191129,143.8973519
12.37456503,69.53394721,105.8538142,140.3158317
10.84610695,84.75818063,108.8461314,142.784607
11.35348873,89.49607491,111.2723006,144.3230296
9.415468753,93.52366641,117.7988374,145.9335975
10.89664753,96.60981159,122.0386974,147.131963
10.32620491,99.49137302,123.1906264,147.263974
5.009932465,92.29279882,126.0170864,146.9199729
16.10077424,88.63354167,127.9709852,145.3631241
13.54814966,98.62649153,128.1669818,145.6877456
12.71470042,81.11652313,128.6850775,146.2973875
11.95907499,85.22104457,128.1424615,145.0534909
10.71033137,100.0328848,125.5754283,145.2403329
14.09226856,88.01012037,127.9000754,146.8440209
41.92227925,98.62880391,116.0523925,138.9398205
49.78843637,86.11065942,93.68027157,130.0413155
64.15371122,98.18957281,75.6487439,115.8268195
36.70248696,66.57353273,60.37500223,84.37846789
11.21039139,79.5226977,33.76555721,38.24010643
14.5276584,12.5115731,52.08862199,75.90867169
12.96504907,8.099321754,53.93377604,69.73363605
12.63153293,6.635517038,56.84587174,72.33264229
9.618906072,6.054362815,54.16385919,67.56643117
10.59153101,9.052066055,46.82517352,57.38194298
10.86386456,11.41536901,46.18459424,45.94246894
11.35332291,100.6779838,87.55147951,112.1853287
11.83500773,96.32481085,115.8864739,149.8981736
15.95529168,98.53974208,116.2944123,156.5975233
18.01594968,76.06590218,97.45173992,157.87472
22.83337322,84.16571141,102.7741988,153.868652
22.58705426,73.99662755,116.7095265,143.0226221
18.45768346,31.03496197,112.9887859,154.8103461
12.73554235,66.32426777,131.7662879,152.2219074
14.77871123,81.87300261,128.9585752,143.8178755
17.4939813,35.06232823,115.6429348,115.681457
21.76960795,28.56692241,86.16470934,84.83510857
28.522098,35.64264205,85.20930887,79.98230472
33.30468759,49.50460295,97.13069572,95.82380818
21.15502656,72.64401448,119.637404,126.8293115
19.40053426,85.51506956,122.5537883,144.3772995
46.79433593,61.37031923,89.4249181,156.1357241
60.12048215,65.83243342,103.7499083,155.5774549
75.92293634,26.37554379,121.732781,156.91946
74.36819946,41.03322226,116.384577,154.1439075
77.16681692,88.8754738,100.92381,127.4283638
96.36807846,82.56672414,118.7835329,113.9097465
57.11195104,72.33991928,110.2012297,88.32272368
35.2188818,75.01152247,122.6879785,89.51045429
27.79297157,79.97169716,133.7398712,79.67476796
24.78754463,120.6117233,145.2459883,82.09345485
25.25348495,100.4512165,145.1667345,62.97114136
30.66172753,121.2199062,144.8061824,53.92465894
54.10865693,128.0423976,140.0175921,71.53027808
72.73857076,114.5353182,131.4117001,94.10709194
106.9338669,54.55327828,76.33097937,82.05816965
126.5505129,58.12378618,76.53913792,72.3256726
127.1198931,62.89301954,80.56167749,79.23756357
124.9007941,126.1464394,59.03776274,66.66348551
125.37765,125.1960593,43.6089981,67.16369607
115.7690355,81.91355439,23.25029625,69.32079558
117.0074193,105.8588662,16.6566025,58.45736855
130.2872258,69.19752148,14.41842914,59.9328618
130.5817013,79.473835,18.89087977,58.29063946
128.048346,67.24104518,12.0453304,53.78240909
124.9187683,60.30024652,12.07931985,51.39577195
128.4916837,66.98447879,8.453751025,46.81232077
129.4511007,60.84167036,9.028762761,48.44423585
136.0622854,46.71760814,8.018298411,42.07853999
133.6372484,37.41516475,7.912851739,44.64237238
134.086475,41.02715806,7.103517961,41.82235264
131.8128911,43.00415929,7.865326261,42.74568335
134.2487915,37.35685938,8.399289282,43.47196848
134.8469648,41.57870469,8.245026956,44.10632578
135.3752507,41.33974521,6.946526026,43.40416459
132.5000679,39.28666955,8.061522339,47.58914524
133.1146034,40.44376198,8.184365146,45.44485443
132.9645285,41.33266987,8.862253433,46.2049109
132.0152714,40.3366686,12.68758395,54.35083223
131.0734269,35.2652768,14.5122338,54.8993824
124.6491704,23.37571526,18.92014177,62.8410501
119.3002431,16.36316236,21.91322021,71.71530831
117.3365118,10.78744728,18.12552113,71.0276857
114.1718236,8.726219526,13.94527062,58.66515423
120.7555617,15.984201,10.73183578,47.82828121
123.517399,23.15794458,6.966254488,21.81343179
62.16257128,24.57343164,7.158200318,29.82301204
24.03689853,136.3042387,12.89070775,37.56531206
32.29430806,69.43490279,13.06993762,12.36269991
23.29242709,108.7279221,36.47950161,19.60131611
33.89103829,33.90826057,43.96155486,38.25432188
45.30542287,37.42993776,38.46009173,49.54372063
59.83707629,25.87696049,43.73812813,25.17617277
41.58071915,58.03628683,35.56588663,42.96484871
39.80420761,35.5179592,53.58591968,41.66786463
38.312768,41.78374564,52.35969319,50.01704508
35.08362925,41.47543969,34.11873629,66.04525839
52.92974356,28.83131534,48.27264434,56.88546053
44.26469683,31.74316766,39.26655195,51.01276966
39.32734885,32.93435698,40.59301534,55.51631817
39.4247808,33.88258712,39.16670074,57.08486839
46.03364778,33.66853505,44.57148106,58.47701256
50.06598436,41.24983935,44.94987388,61.15146061
57.40261788,64.76925028,51.94392218,63.54849282
52.67377206,84.42917271,69.83022512,69.74282814
52.05709705,79.29525751,69.88891864,78.97082441
70.28709451,90.1862617,60.3876827,79.11441479
60.60077482,90.71988671,38.58043312,73.70196184
90.23909341,94.45399647,21.8162726,59.82438235
